名称,价格,月销量,评价数,店铺所在地,适合肤质,产地,补水保湿,美白提亮,控油祛痘,清洁毛孔,提拉紧致
ANGLEE,254,40,3133,湖南,任何肤质,中国,1,1,0,0,0
ANGLEE,350,62,876,浙江,任何肤质,中国,1,1,0,0,0
ANGLEE,284.9,12,16,浙江,任何肤质,中国,1,0,1,1,0
BF,289,32,175,英国,任何肤质,中国,1,0,0,0,0
BSR,379.9,1407,13870,安徽,任何肤质,中国,1,0,0,0,0
BSR,345,318,391,安徽,任何肤质,日本,1,0,0,0,0
BSR,299,8,45,安徽,干性肤质,中国,1,0,0,0,0
BSR,266.5,20,369,安徽,任何肤质,中国,1,1,0,1,0
BSR,209,29,80,安徽,任何肤质,中国,1,1,1,1,1
calibio,454,4120,21261,浙江,任何肤质,中国,1,0,0,0,1
chen川,319,20,28,广东,任何肤质,中国,1,1,0,0,0
CML,413.5,791,1421,湖北,任何肤质,中国,1,1,1,1,1
CML,278,12,68,湖北,任何肤质,日本,1,0,0,1,0
CML,274,220,2310,湖北,任何肤质,中国,1,1,0,0,1
CML,117,33896,187356,湖北,任何肤质,中国,1,0,1,1,1
CO.E韩伊,144,8513,57307,江苏,任何肤质,中国,1,0,0,1,0
DHC,249,128,709,上海,任何肤质,中国,1,0,1,1,0
Dreamtimes M2梦幻三部曲,129,215,2022,安徽,任何肤质,中国,1,0,0,1,0
Eunice,308,463,6272,广东,任何肤质,中国,1,1,0,1,0
EXCEL萱姿,224.5,4784,23993,湖北,任何肤质,中国,1,1,1,1,0
EXCEL萱姿,129.9,83,4207,湖北,任何肤质,中国,1,1,0,0,0
Fonce,173,11415,13214,广东,任何肤质,中国,1,1,1,1,0
Franic,149,114,3808,江苏,任何肤质,中国,1,1,1,1,0
Freeplus,89.4,260,11347,上海,任何肤质,中国,1,1,0,1,1
GD,99,878,526,江西,任何肤质,中国,1,1,0,0,0
Hada Labo,296,2530,50808,广东,任何肤质,中国,1,1,0,1,0
Hada Labo,130,1099,1451,广东,任何肤质,中国,1,0,0,0,0
Herborist,146.5,122,63,上海,任何肤质,韩国,1,1,1,0,0
JVJQ,139,295,1713,安徽,任何肤质,中国,1,1,1,1,0
JVJQ,99,1912,22670,北京,任何肤质,中国,1,0,0,0,0
JVJQ,262.45,1660,35962,广东,任何肤质,中国,1,0,1,0,0
JVJQ,133.5,2288,7771,广东,油性及混合性肤质,中国,1,0,0,0,0
JVJQ,99,3985,12371,广东,任何肤质,中国,1,1,0,0,0
JVJQ,24.9,152,508,广东,任何肤质,中国,1,0,0,0,0
Kose,233,47,4033,上海,任何肤质,中国,1,1,0,0,0
mamonde,42,2237,32745,海外,任何肤质,中国,1,1,0,0,0
maxam,200.5,111,22887,天津,任何肤质,中国,1,0,0,0,0
MAYSU,135,29,204,上海,干性肤质,中国,1,1,0,0,0
MAYSU,124,820,4291,上海,任何肤质,中国,1,0,0,0,0
Miss face,107.5,56,447,浙江,任何肤质,中国,1,0,0,0,0
MODiSSA,313.5,88,128,浙江,任何肤质,中国,1,1,1,1,1
Olay,169,3849,29817,江苏,任何肤质,中国,1,1,1,1,1
Olay,99,9,12,江苏,任何肤质,中国,1,1,0,1,1
Olay,99,1017,1538,江苏,中性及干性肤质,中国,1,1,0,1,0
Oleva,129,21,40,江苏,中性及干性肤质,中国,1,0,0,0,0
pandaw,124,176,562,上海,任何肤质,中国,1,0,1,1,0
PXE,155,620,7751,广东,任何肤质,中国,1,1,0,1,0
Shoshe,518,41,381,浙江,任何肤质,中国,1,1,1,1,1
SIROSE,840,10,94,广东,中性及干性肤质,中国,1,1,0,0,1
SIROSE,412,0,5,广东,任何肤质,中国,1,1,1,1,1
SIROSE,175.5,1057,12137,广东,任何肤质,中国,1,1,1,0,1
SIROSE,265,276,4193,湖北,任何肤质,中国,1,1,0,0,1
SIROSE,169,413,4888,湖北,任何肤质,中国,1,1,1,1,1
SIROSE,149,266,760,湖北,任何肤质,中国,1,1,1,0,0
SIROSE,79,311,17655,湖北,任何肤质,中国,1,1,1,1,0
Skin Advanced,79,30,86,江苏,任何肤质,中国,1,1,0,0,0
SKIN79,39.8,2078,4629,上海,任何肤质,中国,1,1,1,1,0
skinfood,320.5,119,838,广东,任何肤质,中国,1,0,1,1,0
snoopy史努比,159,2,1,广东,任何肤质,中国,1,0,0,0,0
THAYERS,129,4878,58195,山东,任何肤质,中国,1,1,0,0,0
The Face Shop,251,83,4235,江苏,任何肤质,中国,1,1,1,1,0
The Face Shop,163.5,212,3670,江苏,任何肤质,中国,1,1,0,0,0
The Face Shop,124,215,2252,江苏,任何肤质,中国,1,0,0,0,0
X・Beautiful Resources,224,2435,17978,浙江,中性及干性肤质,中国,1,1,1,1,1
X・Beautiful Resources,99,61,2105,浙江,任何肤质,中国,1,0,1,1,0
阿芙,625,79,497,北京,任何肤质,中国,1,1,0,0,1
阿芙,281,83,110,北京,任何肤质,中国,1,1,1,1,0
艾丽嘉妍,129,427,418,河南,任何肤质,中国,1,0,0,0,0
艾丽嘉妍,124,149,9735,河南,任何肤质,中国,1,0,0,1,0
爱碧生,219,25,130,新加坡,任何肤质,中国,1,0,1,1,1
爱思乐,114,3500,3026,江苏,任何肤质,中国,1,1,1,1,0
安安金纯,192,28,60,广东,任何肤质,中国,1,1,0,0,0
安安金纯,35,28,127,河北,任何肤质,中国,1,1,0,0,0
安安金纯,113,91,494,天津,任何肤质,中国,1,0,0,0,0
安安金纯,217,110,2000,浙江,中性及干性肤质,中国,1,0,0,0,0
安安金纯,179,741,69045,浙江,任何肤质,中国,1,1,1,1,1
安安金纯,289,88,14288,浙江,任何肤质,中国,1,1,0,1,0
安婕妤,249,1996,1127,湖南,任何肤质,中国,1,1,0,0,0
安婕妤,199,129,1926,湖南,中性及干性肤质,中国,1,1,0,0,0
安婕妤,139.9,4917,12189,湖南,混合型肤质,中国,1,0,1,0,0
安婕妤,335,11,96,辽宁,任何肤质,中国,0,1,0,0,0
安婕妤,188,42,468,浙江,中性及干性肤质,中国,1,1,0,0,0
安马仕,239,39214,282961,广东,任何肤质,中国,1,1,1,1,0
奥洛菲,319.5,967,6473,安徽,任何肤质,中国,1,1,0,0,1
奥洛菲,279,1734,8294,江苏,任何肤质,中国,1,1,1,1,0
奥洛菲,202,101,868,浙江,任何肤质,中国,1,1,0,0,0
奥洛菲,153.45,9,12,浙江,任何肤质,中国,1,0,0,0,0
奥洛菲,129,166,9564,浙江,任何肤质,中国,1,1,1,1,0
奥洛菲,74.9,489,265,浙江,任何肤质,中国,1,1,1,1,1
奥洛菲,69,45,80,浙江,任何肤质,中国,1,1,1,1,0
奥洛菲,18.7,476,2658,浙江,任何肤质,中国,1,0,1,0,0
澳雅婷,365,471,11160,广东,任何肤质,中国,1,1,0,0,0
澳雅婷,349.5,96,1410,广东,任何肤质,中国,1,1,1,0,0
巴黎欧莱雅,126.95,1914,4091,江苏,任何肤质,中国,1,1,0,0,0
百年丽人,249,276,336,湖北,任何肤质,中国,1,1,0,0,1
百年丽人,169,30,443,湖北,油性及混合性肤质,中国,1,0,1,1,0
百雀羚,83,11,104,安徽,任何肤质,中国,1,1,0,0,1
百雀羚,209,82,777,江苏,任何肤质,中国,1,1,0,0,0
百雀羚,149,49,2011,江苏,任何肤质,中国,1,1,0,0,0
百雀羚,139,1185,2004,江苏,中性及干性肤质,中国,1,1,0,0,0
百雀羚,159,43,578,山东,任何肤质,中国,1,0,1,0,0
百雀羚,328.5,84,2131,上海,任何肤质,中国,1,1,0,1,0
百雀羚,227.5,5523,83941,上海,任何肤质,中国,1,1,0,0,0
百雀羚,99,703,1359,上海,任何肤质,中国,1,0,0,0,0
百雀羚,59,331,2917,上海,任何肤质,中国,1,0,1,1,0
百雀羚,43,61,290,上海,油性及混合性肤质,中国,1,0,1,0,0
百雀羚,120.35,4056,12926,四川,任何肤质,中国,1,0,0,1,1
百雀羚,286.5,54,406,浙江,任何肤质,中国,1,0,0,0,1
百雀羚,89.9,91,36,浙江,任何肤质,中国,1,0,0,0,0
百雀羚,36.5,22,33,浙江,任何肤质,中国,1,1,0,0,0
百雀羚,138,70,13849,浙江,任何肤质,中国,1,1,1,1,0
百雀羚 ,129,242,3174,安徽,任何肤质,中国,1,1,1,1,1
百雀羚 ,79,778,6138,北京,任何肤质,中国,1,0,1,1,0
百雀羚 ,287,120,1717,河南,任何肤质,中国,1,1,0,0,0
百雀羚 ,255,55,286,江苏,任何肤质,中国,1,0,0,0,0
百雀羚 ,165.5,196,1645,江苏,任何肤质,中国,1,0,1,1,0
百雀羚 ,148,16,252,江苏,敏感性肤质,中国,1,0,0,0,0
百雀羚 ,338,84,460,上海,任何肤质,中国,1,0,0,1,0
百雀羚 ,252.9,705,9450,上海,油性及混合性肤质,中国,1,1,1,1,0
百雀羚 ,249.5,6,16,上海,任何肤质,中国,1,0,0,0,0
百雀羚 ,209,16,145,上海,任何肤质,中国,0,1,0,0,0
百雀羚 ,199,233,2065,上海,任何肤质,中国,1,1,0,0,0
百雀羚 ,149,3294,13097,上海,任何肤质,中国,1,1,0,0,0
百雀羚 ,463.5,947,2927,天津,任何肤质,中国,1,1,0,0,1
百雀羚 ,93,228,26583,浙江,任何肤质,中国,1,1,1,1,1
百雀羚 ,108.5,766,2839,浙江,任何肤质,中国,1,0,0,0,0
百雀羚 ,99,4500,22513,浙江,任何肤质,中国,1,1,0,1,0
百雀羚 ,332,256,1386,重庆,任何肤质,中国,1,0,1,0,1
佰草集,192,1377,6306,江苏,任何肤质,中国,1,1,0,0,0
柏卡姿,158.5,88,594,上海,任何肤质,中国,1,1,1,0,1
柏氏 ,213.5,42,386,安徽,敏感性肤质,中国,1,1,1,1,0
柏氏 ,199,843,39416,安徽,任何肤质,中国,1,0,0,1,0
柏氏 ,184,22,2012,安徽,任何肤质,中国,1,1,1,1,0
柏氏 ,19.89,19869,13287,安徽,任何肤质,中国,1,1,1,1,1
柏氏 ,122.5,81,323,北京,中性及干性肤质,中国,1,1,0,1,0
柏氏 ,69.45,160,10175,北京,任何肤质,中国,1,0,0,1,1
柏氏 ,660,1880,15561,广东,任何肤质,中国,1,0,0,1,0
柏氏 ,228,88,7026,广东,任何肤质,中国,1,1,0,0,0
柏氏 ,212.5,169,1271,广东,任何肤质,中国,1,0,0,0,0
柏氏 ,159,48,140,广东,任何肤质,中国,1,1,0,0,0
柏氏 ,157,53,628,广东,任何肤质,中国,1,1,0,0,0
柏氏 ,155,2442,3723,广东,任何肤质,中国,1,1,1,1,0
柏氏 ,138,5,115,广东,任何肤质,中国,1,1,1,1,0
柏氏 ,127,299,7537,广东,干性肤质,中国,1,1,0,1,0
柏氏 ,121.5,40,404,广东,任何肤质,中国,1,1,1,1,0
柏氏 ,112,222,386,广东,任何肤质,中国,1,0,0,0,0
柏氏 ,99,30,903,广东,任何肤质,中国,1,1,0,0,0
柏氏 ,39,24126,305572,广东,任何肤质,中国,1,1,0,1,1
柏氏 ,149,491,2671,山东,任何肤质,中国,1,0,0,0,0
柏氏 ,190,149,52,上海,任何肤质,中国,1,0,0,0,0
柏氏 ,169,126,1248,四川,任何肤质,中国,1,0,0,1,1
柏氏 ,294,5,36,天津,任何肤质,中国,1,1,0,0,1
柏氏 ,170.5,18,135,天津,任何肤质,中国,1,0,0,0,0
柏氏 ,127,78,3804,天津,中性及干性肤质,中国,1,1,0,1,0
柏姿丹,138,69,2036,辽宁,油性及混合性肤质,中国,1,0,1,1,0
宝罗丝丹,239,4078,51616,福建,任何肤质,中国,1,1,1,1,1
比度克,190.5,78,155,广东,任何肤质,中国,1,0,1,1,0
比度克,99.9,250,637,广东,任何肤质,中国,1,0,1,1,1
冰菊,219,1082,6167,广东,任何肤质,中国,1,0,1,1,1
冰美人,128.5,914,20912,河南,任何肤质,中国,1,1,1,1,0
冰美人,122.5,83,3697,上海,任何肤质,中国,1,1,1,1,0
波斯顿,259,186,12546,上海,任何肤质,中国,1,1,0,0,0
泊泉雅,299,101,8099,广东,任何肤质,中国,1,1,0,1,1
泊泉雅,233,3526,74702,广东,任何肤质,中国,1,1,0,0,0
泊泉雅,226.5,25794,311884,广东,任何肤质,中国,1,1,1,1,0
泊泉雅,218,214,5567,广东,混合型肤质,中国,1,0,1,1,0
泊泉雅,198,1653,30425,广东,任何肤质,中国,1,1,1,1,0
泊泉雅,161.5,559,3952,广东,任何肤质,中国,1,1,0,0,0
泊泉雅,156,24,1396,广东,任何肤质,中国,1,1,1,1,1
泊泉雅,96,22,435,广东,任何肤质,中国,1,1,1,0,0
泊泉雅,94,1913,2299,广东,任何肤质,中国,1,1,0,1,0
泊泉雅,79,3744,83367,广东,任何肤质,中国,1,1,1,0,0
泊泉雅,21.8,42,616,广东,任何肤质,中国,1,0,0,0,0
博生能,147,23,3067,安徽,任何肤质,中国,1,0,0,0,0
采萃,288,429,19595,广东,任何肤质,中国,1,0,0,0,0
采萃,153.5,673,3316,广东,任何肤质,中国,1,0,1,1,0
参棘,220,49,536,内蒙古,任何肤质,中国,1,1,0,0,1
草木之心,336,41,10,浙江,油性及混合性肤质,美国,1,0,0,1,1
草木之心,129,45,2411,浙江,任何肤质,中国,1,1,0,0,0
草木之心,59.9,131,31,浙江,任何肤质,中国,1,1,0,0,1
草木之心,199,354,210,浙江,任何肤质,中国,0,1,0,0,0
婵真,159.9,1250,21008,上海,任何肤质,中国,1,0,0,0,0
婵姿,178.5,21,2206,广东,任何肤质,中国,1,1,0,0,0
春纪,216,14,91,安徽,中性及干性肤质,中国,1,0,0,1,0
春纪,168,108,94,安徽,任何肤质,中国,1,1,0,1,1
春纪,112.5,191,1962,安徽,任何肤质,中国,1,0,0,1,1
春纪,155,565,1890,北京,混合型肤质,中国,1,1,1,1,0
春纪,141,1964,6889,北京,任何肤质,中国,1,1,1,1,0
春纪,720,18,80,广东,任何肤质,中国,1,1,0,0,1
春纪,338,2238,2624,广东,任何肤质,中国,1,0,1,0,1
春纪,256,20,639,广东,任何肤质,中国,1,0,1,1,1
春纪,250.5,1926,4055,广东,任何肤质,中国,1,1,0,0,0
春纪,192,168,7950,广东,任何肤质,中国,1,1,1,0,0
春纪,28.95,576,322,广东,任何肤质,中国,1,1,0,0,0
春纪,374,15871,40356,河南,任何肤质,中国,1,1,0,0,0
春纪,352.45,31,5166,河南,任何肤质,中国,0,1,0,1,0
春纪,259,35,26,河南,任何肤质,英国,1,0,1,0,0
春纪,254,76,1845,河南,任何肤质,中国,1,1,1,1,1
春纪,242,533,62486,河南,任何肤质,中国,1,1,0,0,0
春纪,175,5739,87436,河南,任何肤质,中国,1,1,1,1,0
春纪,139,381,13122,河南,任何肤质,中国,1,1,0,1,0
春纪,129.9,25397,191197,河南,任何肤质,中国,1,1,0,0,1
春纪,127,4,4,河南,任何肤质,中国,1,1,1,1,1
春纪,124,187,1197,河南,任何肤质,中国,1,1,1,1,0
春纪,98,15,6,河南,任何肤质,中国,1,1,0,1,1
春纪,35.35,33,35,河南,任何肤质,中国,1,0,1,1,0
春纪,129,308,522,湖南,任何肤质,中国,1,1,1,1,1
春纪,816,7,13,江苏,油性及混合性肤质,中国,1,1,1,0,0
春纪,90.5,123,696,浙江,任何肤质,中国,1,0,0,0,0
纯即,361.5,1099,2379,广东,中性及干性肤质,中国,1,0,0,0,0
纯即,29.8,76,1888,广东,任何肤质,中国,1,1,1,1,1
瓷肌,280,2,52,广东,任何肤质,中国,1,0,0,0,0
瓷肌,275,290,3675,广东,任何肤质,中国,1,1,0,1,0
瓷肌,184,1650,16259,广东,任何肤质,中国,1,1,0,0,0
瓷肌,55,122,4286,广东,任何肤质,中国,1,0,0,0,0
慈丹,109,4,212,湖北,任何肤质,中国,1,0,0,0,0
大宝,393.5,1465,304,江苏,任何肤质,中国,1,1,0,0,0
大宝,495,142,316,上海,干性肤质,中国,1,0,0,0,0
大宝,269,98,337,上海,任何肤质,中国,1,1,0,1,1
大宝,239,15,192,上海,任何肤质,中国,1,0,0,0,0
大宝,166,14,182,上海,中性及干性肤质,中国,1,0,0,0,1
大长今,189,619,12002,上海,任何肤质,中国,1,1,0,0,0
黛妃,168,597,10023,上海,任何肤质,中国,1,1,1,0,1
丹姿,202,123,84,安徽,任何肤质,中国,1,1,1,1,0
丹姿,224,4758,7019,上海,任何肤质,中国,1,1,0,0,0
丹姿,148.5,3875,1174,上海,任何肤质,日本,1,0,0,0,0
丹姿,88,136,3038,上海,任何肤质,中国,1,0,0,0,0
丹姿,463,729,12316,浙江,任何肤质,中国,1,1,1,1,1
第一元素,191.5,1214,14900,上海,任何肤质,中国,1,0,0,0,0
丁家宜,172,18893,19556,广东,油性及混合性肤质,中国,1,0,0,0,0
丁家宜,149,563,4607,江苏,任何肤质,中国,1,1,1,1,1
东方婵妆,113,42,1167,广东,任何肤质,中国,1,0,1,1,0
东洋之花,78,2773,110,上海,任何肤质,中国,1,0,1,0,1
朵而,399,1245,6165,北京,任何肤质,中国,1,0,0,0,1
朵而,99,762,23204,北京,任何肤质,中国,1,1,0,0,0
蒽菲,258,100,2075,广东,任何肤质,中国,1,0,1,1,1
法兰朵,151,1877,9141,河南,任何肤质,中国,1,0,1,1,0
法兰琳卡,348,4,103,安徽,任何肤质,中国,0,1,0,0,0
法兰琳卡,113.5,356,4030,安徽,任何肤质,中国,1,0,1,0,0
法兰琳卡,90,97,1625,安徽,混合型肤质,中国,1,1,0,0,0
法兰琳卡,288,144,1556,湖北,任何肤质,中国,1,1,0,1,1
法兰琳卡,119,3451,31418,湖北,中性及干性肤质,中国,1,1,1,1,1
法兰琳卡,379,97,1481,江苏,任何肤质,中国,1,1,0,1,0
法兰琳卡,299,191,1355,江苏,任何肤质,中国,1,0,0,1,1
法兰琳卡,209,3350,13071,江苏,干性肤质,中国,1,1,0,0,0
法兰琳卡,184,2171,4130,江苏,任何肤质,中国,1,1,1,1,1
法兰琳卡,154,674,1217,江苏,任何肤质,中国,1,1,1,1,1
法兰琳卡,149,8,45,江苏,任何肤质,中国,1,0,1,1,0
法兰琳卡,114,99,2126,江苏,任何肤质,中国,1,0,0,0,0
法兰琳卡,106,1856,24664,江苏,任何肤质,中国,1,1,0,1,0
法兰琳卡,99,72,216,江苏,中性及干性肤质,中国,1,1,0,0,0
法兰琳卡,207.5,38,72,上海,任何肤质,中国,1,0,1,0,0
法兰琳卡,173.5,25903,13725,上海,任何肤质,日本,1,0,0,0,0
法兰琳卡,149,172,724,上海,任何肤质,中国,1,0,1,1,1
凡茜,94,4272,2923,江苏,中性及干性肤质,中国,1,1,0,0,0
凡茜,94,606,4770,上海,任何肤质,中国,1,1,1,1,0
凡士林,62.4,2364,11788,上海,任何肤质,中国,1,0,0,0,0
梵洁诗,299,222,2209,浙江,任何肤质,中国,1,0,0,0,0
梵洁诗,117.45,487,3105,浙江,任何肤质,中国,1,1,0,0,0
芳草集,39,96,169,河南,任何肤质,中国,1,1,1,0,0
芳丹薄罗,320.5,115,216,上海,任何肤质,中国,1,0,1,0,0
芙尔蔓,434,228,4888,安徽,任何肤质,中国,1,1,1,0,0
芙尔蔓,99,10205,11788,安徽,任何肤质,中国,1,0,1,1,0
馥佩,408.5,10,36,广东,任何肤质,中国,1,0,0,1,0
馥佩,137,17,70,山东,任何肤质,中国,1,1,0,0,0
馥佩,117,741,2254,山东,任何肤质,中国,1,1,1,1,0
馥佩,159,3506,54048,上海,任何肤质,中国,1,1,0,1,0
高姿,128,20,372,江苏,任何肤质,中国,1,1,0,1,0
高姿,362,81,537,山东,任何肤质,中国,1,0,0,0,0
高姿,360,492,2722,上海,任何肤质,中国,1,1,0,0,0
高姿,148,136,4797,上海,任何肤质,韩国,1,0,0,0,0
高姿,176.5,58,800,浙江,任何肤质,中国,1,1,0,0,0
歌莉莎,192,5418,94836,广东,任何肤质,中国,1,0,0,0,0
葛菲娜,223.3,42,1667,山东,任何肤质,中国,1,1,0,0,0
宫灯,129,1514,12658,江西,任何肤质,中国,1,0,0,0,0
宫灯,263,278,1102,江西,任何肤质,中国,1,0,1,0,0
海润,440,326,2500,海南,任何肤质,中国,1,0,0,1,1
韩婵,114,37,154,广东,任何肤质,中国,1,0,0,0,0
韩国圣雪兰,188.5,12159,40760,广东,任何肤质,中国,1,1,1,1,0
韩国新生活,160.5,1963,1129,湖南,任何肤质,中国,1,1,1,1,0
韩后,209,855,19445,安徽,任何肤质,中国,1,1,0,0,0
韩后,174,107,105,安徽,中性及干性肤质,中国,1,0,0,0,0
韩后,155,50,3666,安徽,任何肤质,中国,1,0,0,0,0
韩后,334,4423,33075,广东,任何肤质,中国,1,0,0,1,1
韩后,198,328,133,广东,任何肤质,中国,1,1,0,0,0
韩后,191,2883,28729,广东,任何肤质,中国,1,1,1,1,0
韩后,137.5,48,153,广东,任何肤质,中国,1,0,0,0,0
韩后,135,2519,15647,广东,任何肤质,中国,1,0,0,1,0
韩后,120,422,5662,广东,中性及干性肤质,中国,1,0,0,0,0
韩后,95.7,277,1900,广东,任何肤质,中国,1,1,1,1,0
韩后,12.9,3062,17282,广东,任何肤质,中国,1,0,1,0,0
韩后,224,251,880,河南,任何肤质,中国,1,0,0,0,0
韩后,205,724,2705,河南,任何肤质,中国,1,1,0,1,1
韩后,142,1068,7558,河南,任何肤质,中国,1,1,1,1,0
韩后,790,4,755,湖南,任何肤质,中国,1,1,0,1,1
韩后,378,152,491,湖南,任何肤质,中国,1,1,0,0,0
韩后,292,1077,6955,湖南,油性及混合性肤质,中国,1,0,1,0,0
韩后,282,735,5863,湖南,任何肤质,中国,1,1,0,1,1
韩后,219,4553,11915,湖南,任何肤质,中国,1,1,1,1,1
韩后,204,25,29,湖南,任何肤质,中国,1,1,1,0,0
韩后,179,78,380,湖南,任何肤质,中国,1,1,1,1,1
韩后,129,14,189,湖南,任何肤质,中国,1,1,1,0,0
韩后,108,39,4478,湖南,任何肤质,中国,1,0,0,0,0
韩后,94,3257,26117,湖南,任何肤质,中国,1,1,0,1,0
韩后,23.4,894,948,湖南,任何肤质,中国,1,1,1,1,1
韩后,369,1629,9299,江苏,任何肤质,中国,1,1,0,1,0
韩后,219,711,3933,江苏,任何肤质,中国,1,1,1,0,1
韩后,84.45,318,3760,江苏,任何肤质,中国,1,1,1,1,0
韩后,69.99,185,1640,江苏,任何肤质,中国,1,0,1,0,0
韩后,238.5,8,25,上海,任何肤质,中国,1,1,0,1,1
韩后,211.5,125,879,上海,任何肤质,中国,1,1,0,1,0
韩后,183,112,918,上海,中性及干性肤质,中国,1,1,0,0,0
韩后,179,38,1015,上海,任何肤质,中国,1,1,1,1,0
韩后,112,71,220,上海,任何肤质,中国,1,1,0,0,0
韩后,989,67,330,浙江,任何肤质,中国,1,1,0,0,0
韩后,154.9,7223,28408,浙江,任何肤质,中国,1,1,0,0,0
韩后,98,118,6229,浙江,任何肤质,中国,1,1,1,1,1
韩后,39.8,277,1201,浙江,任何肤质,中国,1,1,1,1,0
韩后,212,324,1246,浙江,中性肤质,中国,1,0,1,0,0
韩后,189,133,17584,浙江,任何肤质,中国,1,0,0,0,0
韩后,163.5,879,3191,浙江,任何肤质,中国,1,1,0,0,0
韩洛依,359,6,447,江苏,任何肤质,中国,1,1,1,1,0
韩束,344,4050,26009,安徽,任何肤质,中国,1,1,0,0,0
韩束,1060,278,1827,上海,任何肤质,韩国,0,1,0,0,0
韩束,232,1912,29574,上海,任何肤质,中国,1,1,1,1,1
韩束,199,798,7585,上海,任何肤质,中国,1,1,0,0,0
韩束,198,48,131,上海,任何肤质,中国,1,1,0,1,0
韩束,189,46,947,上海,任何肤质,中国,1,0,0,0,0
韩束,165.5,33,230,上海,任何肤质,中国,1,0,1,1,1
韩束,142.5,122,3458,上海,任何肤质,中国,0,0,0,1,0
韩束,125,31,321,上海,任何肤质,中国,1,1,1,0,0
韩束,113,125,1084,上海,任何肤质,中国,1,1,1,1,0
韩束,109,33,2629,上海,任何肤质,中国,1,0,0,0,0
韩束,109,12,14,上海,任何肤质,中国,1,1,1,0,0
韩束,99,1350,921,上海,中性及干性肤质,中国,1,1,0,1,1
韩束,27.9,358,2530,上海,任何肤质,中国,1,0,0,1,0
韩束,23.4,76,1220,上海,任何肤质,中国,1,0,1,1,0
韩束,113.5,68,2992,天津,任何肤质,中国,1,1,0,1,0
韩束,319,28,204,浙江,任何肤质,中国,1,1,0,0,0
韩束,119,4588,7718,浙江,任何肤质,中国,1,1,1,0,0
韩束,99,158,135,浙江,中性肤质,中国,1,1,0,0,0
韩束,51,6,9,浙江,任何肤质,中国,1,0,1,0,0
韩束,401,28,386,浙江,任何肤质,中国,1,1,0,1,0
韩束,219,75,46,浙江,任何肤质,中国,1,0,0,0,1
韩束,154,2054,2002,浙江,任何肤质,中国,1,1,0,1,0
韩束,104,269,2394,浙江,任何肤质,中国,1,0,0,1,0
韩伊,182,44,416,山东,任何肤质,中国,1,1,1,1,1
韩元素一代,224.65,912,4334,江苏,任何肤质,中国,1,1,1,1,1
汉芳翠叶,174,675,648,湖北,任何肤质,中国,1,1,0,0,0
花肌萃,248,378,7452,上海,任何肤质,中国,1,0,0,0,0
花肌萃,239.9,291,3978,上海,任何肤质,中国,1,1,0,1,0
花肌萃,39.8,69,1380,上海,任何肤质,中国,1,1,1,1,1
花印,299,2104,7817,北京,任何肤质,中国,1,1,1,1,0
花印,204,1347,477,北京,任何肤质,中国,1,1,0,0,0
活泉,330,103,177,广东,任何肤质,美国,1,0,0,0,0
活泉,312.5,6,38,河南,任何肤质,中国,1,1,1,1,0
活泉,298,4,97,上海,敏感性肤质,中国,1,1,0,1,0
活泉,169,1749,4839,上海,任何肤质,中国,1,1,0,0,0
活泉,129.9,67,372,上海,中性及干性肤质,中国,1,1,0,1,1
活泉,109,56,240,上海,任何肤质,中国,1,0,1,0,0
肌情,218.5,294,3278,广东,任何肤质,中国,1,0,0,0,1
肌养晶,328,457,2110,上海,任何肤质,中国,1,0,0,0,0
加西妮,79,26,160,广东,任何肤质,中国,1,1,0,0,0
嘉美乐,109,1237,5390,河南,任何肤质,中国,1,1,0,0,1
嘉年华,218.5,685,7092,山东,任何肤质,中国,1,1,1,0,0
嘉年华,169,3610,13750,山东,任何肤质,中国,1,1,0,0,0
嘉年华,234,196,3663,上海,任何肤质,中国,1,1,1,1,0
嘉年华,166.5,8,4281,上海,任何肤质,中国,1,0,0,0,0
嘉年华,78,31,104,上海,任何肤质,中国,1,1,1,1,1
金雨轩,139,41,300,福建,任何肤质,中国,1,1,0,0,0
金雨轩,99,36,1287,福建,任何肤质,中国,1,1,1,1,0
金至尊,145,22,380,广东,中性及干性肤质,中国,1,1,0,1,0
金装靓邦素,99.9,10,195,广东,任何肤质,中国,1,1,0,0,0
瑾泉,298.5,22,11,安徽,任何肤质,中国,1,1,0,0,0
瑾泉,873,10,209,云南,任何肤质,中国,0,1,0,0,1
瑾泉,360.5,2980,8007,云南,任何肤质,中国,1,1,1,0,1
瑾泉,148,21,528,云南,油性及混合性肤质,中国,1,0,1,0,0
瑾泉,89,206,1311,云南,任何肤质,中国,0,0,1,0,0
瑾泉,78,2123,21054,云南,任何肤质,中国,1,1,1,1,0
瑾泉,297.5,7,318,浙江,任何肤质,中国,1,0,0,0,0
瑾泉,459,262,1312,浙江,任何肤质,中国,1,1,0,0,0
京润,337,175,1686,安徽,任何肤质,日本,1,0,0,0,0
京润,273,1020,6989,安徽,任何肤质,中国,1,0,1,0,0
京润,140,376,687,安徽,任何肤质,中国,1,0,0,0,0
京润,99,1254,678,安徽,任何肤质,中国,1,1,0,0,0
京润,89,302,1602,安徽,任何肤质,中国,1,0,0,0,0
京润,89.9,506,1955,北京,中性及干性肤质,中国,1,1,0,0,0
京润,315.5,68,136,广东,任何肤质,中国,1,1,1,1,1
京润,166.4,9,47,广东,任何肤质,中国,0,1,0,0,0
京润,98,108,163,广东,任何肤质,中国,0,0,1,0,0
京润,55.5,527,3153,广东,任何肤质,韩国,1,1,0,1,0
京润,37.8,15,349,广东,任何肤质,中国,1,1,1,1,0
京润,242.5,23,114,江苏,任何肤质,中国,1,1,0,0,0
京润,148,471,2738,云南,任何肤质,中国,1,0,0,0,0
京润,118,1097,2303,云南,任何肤质,中国,1,0,0,0,0
精装金美芙坊,159,49694,405515,广东,任何肤质,中国,1,0,0,0,0
精装靓邦素,294.9,1755,30119,广东,任何肤质,中国,1,1,0,0,0
静芙,239,31,611,辽宁,任何肤质,中国,1,1,1,1,0
九美子,99,4114,14182,广东,任何肤质,中国,1,1,1,1,1
九美子,79,2003,3598,广东,油性及混合性肤质,中国,1,1,0,0,0
九美子,271,35,398,湖北,中性及干性肤质,中国,1,1,0,1,1
九美子,204,110,356,湖北,任何肤质,中国,1,0,0,0,0
九美子,135,1451,67019,湖北,任何肤质,中国,1,1,0,1,0
卡姿兰,119,6,9,江苏,任何肤质,中国,1,0,1,0,0
蔻波,266,321,5551,广东,油性及混合性肤质,中国,1,1,1,1,0
莱蔻,699,65,498,广东,任何肤质,中国,1,1,0,1,1
莱蔻,299,46,1137,广东,任何肤质,中国,1,1,0,1,1
莱蔻,299,2536,1233,广东,任何肤质,中国,1,1,1,1,1
莱蔻,148,45,34,广东,任何肤质,中国,1,1,0,0,0
莱蔻,139,4,684,广东,任何肤质,中国,1,1,0,0,0
莱蔻,110,73,468,广东,任何肤质,中国,1,0,0,0,0
莱蔻,14.9,309,21440,广东,任何肤质,中国,1,0,1,1,1
莱妮雅,497,113,262,广东,任何肤质,中国,1,1,1,0,1
莱仕,39,469,1431,广东,任何肤质,中国,0,0,1,0,0
兰亭,78,6951,2882,广东,任何肤质,中国,1,1,0,1,0
兰皙,138,15,77,安徽,任何肤质,中国,1,1,0,0,0
朗斯,338,613,7616,北京,任何肤质,中国,1,1,1,0,1
蕾珂美,268,30,2366,上海,任何肤质,中国,1,0,0,0,1
丽颜世家,142.8,55,318,广东,任何肤质,中国,1,0,0,0,0
丽颜世家,124,3975,20727,广东,任何肤质,中国,1,1,0,0,0
靓邦素,509.5,29,383,广西,任何肤质,美国,1,1,0,1,0
靓邦素,143,131,602,广西,任何肤质,中国,1,0,0,0,0
露得清,294.5,759,9104,上海,任何肤质,中国,1,1,0,0,0
露兰姬娜,119,25,176,陕西,中性及干性肤质,中国,1,1,0,0,1
绿叶,224.9,4572,88328,广东,中性及干性肤质,中国,1,1,0,1,0
绿叶,189,1703,48659,广东,任何肤质,中国,1,1,0,0,0
绿叶,95.5,68,751,广东,中性及干性肤质,中国,1,1,0,0,1
玛丽艳,122,54,323,河北,油性肤质,中国,1,0,1,1,0
玛丽艳,59,84,720,河北,任何肤质,中国,0,1,0,0,0
曼秀雷敦,109,15,8,安徽,任何肤质,中国,1,1,0,0,0
美肤宝,348.5,94,4904,安徽,任何肤质,中国,1,0,0,0,0
美肤宝,318,6,22,安徽,任何肤质,中国,1,1,1,1,1
美肤宝,310,31,184,安徽,中性及干性肤质,中国,1,1,1,1,0
美肤宝,300.5,188,496,安徽,任何肤质,中国,1,0,0,0,0
美肤宝,182,48,542,安徽,任何肤质,中国,0,0,0,1,0
美肤宝,162.5,412,7414,安徽,任何肤质,中国,1,1,0,1,1
美肤宝,86,79,833,安徽,敏感性肤质,中国,1,0,0,0,0
美肤宝,300,439,241,北京,任何肤质,中国,1,1,1,1,1
美肤宝,122,2216,15981,广东,任何肤质,中国,1,1,0,0,0
美肤宝,456,13,206,河南,任何肤质,韩国,1,1,1,1,1
美肤宝,235.5,14,150,河南,任何肤质,中国,1,0,0,0,0
美肤宝,209.9,1468,30503,河南,混合型肤质,中国,1,0,1,1,0
美肤宝,104,222,17135,河南,任何肤质,中国,1,1,0,0,0
美肤宝,838.5,1226,5346,湖北,任何肤质,中国,1,1,0,0,0
美肤宝,255,378,2010,湖北,任何肤质,中国,1,1,1,1,0
美肤宝,219,418,1881,湖北,任何肤质,中国,1,0,1,0,0
美肤宝,189.5,409,287,湖北,任何肤质,中国,1,0,0,0,0
美肤宝,93.5,103,1020,湖北,干性肤质,中国,1,0,1,1,0
美肤宝,192.5,113,13121,湖南,任何肤质,中国,1,1,0,0,0
美肤宝,161,249,4205,湖南,任何肤质,中国,1,1,0,0,0
美肤宝,307,101,4048,江苏,任何肤质,中国,1,0,0,1,0
美肤宝,280,37,282,江苏,任何肤质,中国,1,0,0,0,0
美肤宝,261,17,1915,江苏,中性及干性肤质,中国,1,0,1,1,0
美肤宝,227.45,173,944,江苏,任何肤质,中国,1,1,0,1,1
美肤宝,224.5,916,14305,江苏,任何肤质,中国,1,1,1,1,0
美肤宝,137,173,3336,江苏,任何肤质,中国,1,1,1,1,1
美肤宝,118,1321,21900,江苏,任何肤质,中国,1,0,0,0,0
美肤宝,109,3781,2865,江苏,任何肤质,中国,1,0,1,1,0
美肤宝,109,9,134,江苏,任何肤质,中国,1,1,0,0,0
美肤宝,301.5,32,1738,山东,任何肤质,中国,1,1,0,0,0
美肤宝,260,114,1350,山东,任何肤质,中国,1,1,0,1,0
美肤宝,122.5,798,8277,山东,任何肤质,中国,1,1,0,0,0
美肤宝,119,150,1200,山东,任何肤质,中国,1,0,0,0,0
美肤宝,307.5,153,2362,上海,任何肤质,中国,1,1,0,0,0
美肤宝,136.5,7307,7570,上海,中性及干性肤质,中国,1,1,0,0,0
美肤宝,149,175,2323,浙江,中性及干性肤质,中国,1,1,0,0,0
美津植秀,179.35,2585,24100,浙江,任何肤质,中国,1,1,1,1,0
美津植秀,121.5,166,182,浙江,任何肤质,中国,1,0,0,0,0
美丽加芬,154,139,388,上海,任何肤质,中国,1,1,0,1,0
美丽加芬,85,159,912,上海,任何肤质,中国,1,0,1,1,0
美丽加芬,15.99,448,5475,上海,任何肤质,中国,1,0,1,0,0
美丽加芬,68,6,1,浙江,任何肤质,中国,1,1,0,0,0
美时美刻,463,287,7216,广东,任何肤质,中国,1,1,0,1,1
美时美刻,141.5,53,1957,广东,任何肤质,中国,1,1,1,1,0
美时美刻,335,3908,4478,上海,任何肤质,中国,1,0,0,0,0
美素,582.5,198,3092,浙江,任何肤质,中国,1,0,0,0,1
美素,299,473,728,浙江,任何肤质,中国,1,0,0,0,0
美素,248,98,882,浙江,任何肤质,中国,0,1,0,0,0
美素,229,2132,2060,浙江,任何肤质,中国,1,1,0,1,0
美素,221,23,500,浙江,任何肤质,中国,1,1,0,0,0
美素,199.35,29,129,浙江,任何肤质,中国,1,1,0,1,1
美素,89,429,799,浙江,任何肤质,中国,1,1,1,1,0
美素,58.8,563,1052,浙江,任何肤质,中国,1,1,0,0,0
美素,35,63,48,浙江,任何肤质,中国,1,0,0,0,0
美素,13.99,2582,16120,浙江,任何肤质,中国,1,0,0,0,0
美素,318.5,473,1192,浙江,任何肤质,中国,1,1,0,1,0
美素,201.45,1284,3052,浙江,任何肤质,中国,1,1,1,1,1
美素,192,63,243,浙江,任何肤质,中国,1,0,0,0,0
美素,134,3853,1113,浙江,任何肤质,中国,1,1,1,1,0
美素,115,49,382,浙江,任何肤质,中国,1,1,0,0,0
美素,103.5,22333,26975,浙江,任何肤质,中国,1,1,0,0,0
梦妆,69,90,12210,浙江,任何肤质,中国,1,1,0,1,1
蜜雨堂,119,1530,2143,广东,任何肤质,中国,1,1,1,1,0
名蔻,419,58,5164,上海,任何肤质,中国,1,1,0,1,1
名蔻,394,317,3076,上海,任何肤质,中国,1,1,0,0,0
膜法世家,123.5,203,4966,广东,油性及混合性肤质,中国,1,0,1,1,0
膜法世家,286.5,61,2585,河南,任何肤质,中国,1,1,1,1,0
莫洛琪,188,132,732,上海,任何肤质,中国,1,1,1,1,0
那茉,348.5,68,713,广东,任何肤质,中国,1,0,1,1,1
妮维雅,223,14582,118765,浙江,任何肤质,中国,1,0,0,1,0
牛尔,495,30,36,上海,干性肤质,中国,1,0,0,0,0
诺薇兰,300.5,8,218,上海,任何肤质,中国,1,1,1,1,1
诺薇兰,118,691,3495,上海,任何肤质,中国,1,1,1,0,0
女人蜜语,299.9,393,18647,湖北,任何肤质,中国,1,1,0,1,0
女人蜜语,299,183,1305,湖北,任何肤质,韩国,1,1,1,1,1
女人蜜语,26,60,343,湖北,任何肤质,中国,1,0,1,0,0
欧贝斯,204,693,1455,上海,任何肤质,中国,1,1,0,0,0
欧莉,179.5,20,280,浙江,任何肤质,中国,1,1,0,1,0
欧诗漫,125,582,965,江苏,任何肤质,中国,1,1,0,1,0
欧诗漫,49,155,132,山东,任何肤质,中国,1,0,0,0,0
欧诗漫,349,780,16389,浙江,任何肤质,中国,1,1,1,1,0
欧诗漫,294.9,910,1595,浙江,任何肤质,中国,0,1,0,0,0
欧诗漫,259,7,76,浙江,任何肤质,中国,1,0,1,0,0
欧诗漫,249,2979,36564,浙江,任何肤质,中国,1,1,0,0,1
欧诗漫,224,2433,30116,浙江,任何肤质,中国,1,1,1,1,0
欧诗漫,219,363,2001,浙江,任何肤质,其他/other,1,0,0,0,0
欧诗漫,204,216,746,浙江,任何肤质,中国,1,1,1,0,0
欧诗漫,198,33537,26883,浙江,任何肤质,中国,1,1,0,0,0
欧诗漫,189,373,2123,浙江,任何肤质,中国,1,1,1,1,0
欧诗漫,169.9,344,7447,浙江,中性及干性肤质,中国,1,0,0,0,0
欧诗漫,169,911,24348,浙江,任何肤质,中国,1,0,0,0,0
欧诗漫,168,855,476,浙江,任何肤质,中国,1,0,0,0,0
欧诗漫,165.6,435,1552,浙江,任何肤质,中国,1,0,0,0,0
欧诗漫,136,56,1272,浙江,任何肤质,中国,0,0,1,0,0
欧诗漫,129.9,110,7458,浙江,任何肤质,中国,1,0,0,0,0
欧诗漫,109,156,455,浙江,任何肤质,中国,1,0,0,1,0
欧诗漫,105,24,104,浙江,干性肤质,中国,1,0,0,0,0
欧诗漫,338.5,48,495,浙江,任何肤质,中国,1,1,1,1,1
欧诗漫,184,743,9036,浙江,任何肤质,中国,1,1,0,1,1
欧诗漫,139,29,290,浙江,任何肤质,中国,1,1,0,0,0
欧诗漫,118,7,1942,浙江,混合型肤质,中国,1,1,0,0,0
欧诗漫,99,7896,19372,浙江,任何肤质,中国,1,1,1,1,0
片仔癀,362,714,9184,福建,任何肤质,中国,1,1,1,1,0
片仔癀,69.88,277,1297,福建,任何肤质,中国,0,0,0,0,0
珀莱雅,168,24,382,上海,任何肤质,中国,1,1,1,1,1
珀莱雅,166,111,4534,上海,任何肤质,中国,1,1,0,0,0
珀莱雅,143,32,597,上海,任何肤质,中国,1,1,0,1,0
珀莱雅,138.5,1313,9906,上海,油性及混合性肤质,中国,1,0,1,1,0
珀莱雅,128,1,1,上海,任何肤质,美国,1,0,1,1,0
珀莱雅,475,74,131,浙江,任何肤质,中国,1,1,0,1,0
珀莱雅,402,7,103,浙江,任何肤质,中国,1,1,0,0,0
珀莱雅,265.5,205,5873,浙江,任何肤质,中国,1,1,0,1,0
珀莱雅,258.5,15,27,浙江,任何肤质,中国,1,1,0,1,1
珀莱雅,245,939,6308,浙江,任何肤质,中国,1,1,0,0,0
珀莱雅,195.5,64,163,浙江,任何肤质,中国,1,0,1,1,1
珀莱雅,169,36,29,浙江,任何肤质,中国,1,0,0,0,0
珀莱雅,159,158,93,浙江,任何肤质,中国,1,1,0,0,0
珀莱雅,148.5,477,2049,浙江,任何肤质,中国,1,1,1,1,0
珀莱雅,144.9,2182,13236,浙江,任何肤质,中国,1,1,0,0,0
珀莱雅,129,431,8806,浙江,任何肤质,中国,1,0,0,0,0
珀莱雅,89,2601,9987,浙江,任何肤质,中国,1,1,1,1,1
珀莱雅,89,313,582,浙江,任何肤质,中国,1,1,1,1,0
珀莱雅,89,607,11250,浙江,任何肤质,中国,1,1,0,0,1
珀莱雅,39.8,171,4974,浙江,任何肤质,中国,1,1,0,1,1
珀莱雅,35,61,89,浙江,任何肤质,中国,1,1,0,0,1
珀莱雅,229,88,12766,浙江,任何肤质,中国,1,1,1,1,1
珀莱雅,219,2582,1630,浙江,任何肤质,中国,1,1,1,1,1
珀莱雅,129,3072,16105,浙江,任何肤质,中国,1,1,1,1,0
珀薇,325.5,439,6552,上海,油性及混合性肤质,中国,1,0,0,1,0
普兰娜,209,58,2398,天津,任何肤质,中国,1,1,0,1,0
七水,1796,4,26,广东,任何肤质,中国,1,1,1,1,1
千纤草,229,8,38,重庆,油性及混合性肤质,中国,1,0,1,1,0
巧茜妮,128,4952,6405,陕西,油性及混合性肤质,中国,1,0,0,0,0
巧茜妮,103,117,1535,陕西,油性及混合性肤质,中国,1,0,1,1,0
泉润,190.5,35,500,广东,任何肤质,中国,1,1,1,0,0
泉润,139,1481,14200,河南,任何肤质,中国,0,0,1,0,0
容园美,98,132,532,广东,中性及干性肤质,中国,1,0,0,0,0
茹妆,26.8,633,1128,江苏,任何肤质,中国,1,1,1,1,0
瑞莱欧,99,41,332,天津,任何肤质,中国,1,1,0,0,0
瑞倪维儿,164,25646,42880,河南,任何肤质,中国,1,0,0,0,0
瑞倪维儿,129,124,606,河南,任何肤质,中国,1,1,0,1,0
瑞倪维儿,99,240,1550,河南,任何肤质,中国,1,1,0,0,0
瑞倪维儿,154,12,921,湖南,任何肤质,中国,1,0,0,1,0
瑞倪维儿,129,1813,479,湖南,任何肤质,中国,1,1,0,1,1
尚若水,98,136,2628,浙江,任何肤质,中国,1,1,1,1,0
圣蜜莱雅,44.8,990,15169,广东,任何肤质,中国,1,1,0,0,0
诗婷露雅,249,4927,39787,广东,任何肤质,中国,1,1,1,1,1
诗婷露雅,152.5,62,1419,广东,任何肤质,中国,1,1,0,1,0
诗婷露雅,105,122,93,广东,敏感性肤质,中国,1,0,1,1,1
诗婷露雅,99,4421,4069,广东,任何肤质,中国,1,1,1,1,1
诗婷露雅,299,21,933,黑龙江,任何肤质,中国,1,1,0,0,0
诗婷露雅,256,7,43,浙江,中性及干性肤质,中国,1,0,0,0,0
水密码,69.9,11,36,安徽,任何肤质,中国,1,0,0,0,0
水密码,218,47,300,广东,任何肤质,韩国,1,0,0,0,1
水密码,178.6,102,72,广东,任何肤质,中国,1,1,0,0,0
水密码,235,122,3772,江苏,任何肤质,中国,1,1,0,0,0
水密码,164,909,51947,江苏,任何肤质,中国,1,1,1,1,1
水密码,131.5,259,2643,江苏,油性及混合性肤质,中国,1,0,1,1,0
水密码,81,253,2354,上海,任何肤质,中国,1,1,0,0,0
水密码,418.5,2664,987,四川,任何肤质,中国,1,0,1,0,0
水密码,312.5,565,7508,四川,油性及混合性肤质,中国,1,1,1,0,0
水密码,219,1539,1264,四川,中性及干性肤质,中国,1,1,0,1,1
水密码,67,4,3,四川,任何肤质,中国,1,1,1,0,0
水密码,211,4723,9710,浙江,干性肤质,中国,1,1,0,1,0
水密码,113.5,244,711,浙江,任何肤质,中国,1,1,0,0,1
水密码,49.99,1266,50400,浙江,任何肤质,中国,1,1,1,1,0
水木萃白,319,3,43,广东,任何肤质,中国,1,1,0,0,0
水木萃白,228,6107,63216,广东,任何肤质,中国,1,0,1,0,0
水木萃白,208,229,7400,广东,任何肤质,中国,1,0,1,1,0
水木萃白,139,454,11738,广东,任何肤质,中国,1,1,0,1,0
水之蔻,349.9,734,13429,广东,任何肤质,中国,1,1,0,0,0
素伊本草,98,41,1705,四川,任何肤质,中国,1,0,0,0,0
婷美,307,227,3073,广东,任何肤质,中国,1,1,0,0,1
婷美,159.9,1847,8679,广东,任何肤质,中国,1,1,0,0,0
婷美,128.5,652,14024,广东,任何肤质,中国,1,0,0,0,0
婷美,99,89,1364,广东,任何肤质,中国,1,1,1,1,0
婷美,193.5,571,1579,江苏,任何肤质,中国,1,0,0,0,0
婷美,228,15,12,上海,任何肤质,中国,1,0,0,0,0
婷美,184,1804,9548,上海,任何肤质,中国,1,1,0,1,0
婷美,179.5,463,1358,上海,干性肤质,中国,1,1,0,1,0
婷美,139,10,30,上海,任何肤质,中国,1,0,0,1,0
婷美,129,82,3237,上海,中性及干性肤质,中国,1,1,0,1,0
婷美,122.5,164,192,上海,任何肤质,中国,1,1,1,0,0
婷美,114.5,27,203,上海,任何肤质,中国,1,1,0,0,0
婷美,165,17,91,浙江,中性及干性肤质,中国,1,0,1,1,0
婷美,39.9,1420,2778,浙江,任何肤质,中国,1,1,1,1,0
婷美,39.8,6,48,浙江,任何肤质,中国,1,0,1,1,1
婷美,66.5,106,1511,浙江,任何肤质,中国,1,0,1,1,0
透真,359,392,29370,广东,任何肤质,中国,1,1,1,1,0
透真,201.5,58,1565,广东,任何肤质,中国,1,1,0,1,1
透真,182.45,399,703,广东,任何肤质,中国,1,1,1,1,1
透真,176,245,438,广东,任何肤质,中国,1,1,1,1,1
土家硒泥坊,144,736,3404,湖北,中性及干性肤质,中国,1,0,1,1,1
土家硒泥坊,123,2125,5930,湖北,任何肤质,中国,1,1,1,0,0
丸美,274,109,166,安徽,任何肤质,中国,1,1,0,1,0
丸美,169,1512,2271,北京,任何肤质,中国,1,0,0,0,0
丸美,138,184,11234,北京,任何肤质,中国,1,0,0,0,0
丸美,29.9,649,683,北京,任何肤质,中国,1,1,1,1,1
丸美,159,1980,82777,河南,任何肤质,中国,1,1,1,1,0
丸美,109,81,1525,河南,任何肤质,中国,1,1,0,0,1
丸美,232.5,165,3605,湖南,任何肤质,中国,1,1,1,0,0
丸美,339,223,143,江苏,任何肤质,中国,1,1,0,1,0
丸美,314,271,464,江苏,混合型肤质,中国,1,0,0,0,0
丸美,251,10,41,江苏,任何肤质,中国,1,1,1,1,1
丸美,208,124,3041,江苏,任何肤质,中国,1,1,0,0,0
丸美,176,2024,2774,江苏,任何肤质,中国,1,1,1,1,1
丸美,174,37,3330,江苏,任何肤质,中国,1,1,0,0,0
丸美,159,43,606,江苏,任何肤质,中国,1,1,0,0,0
丸美,148.5,810,2644,江苏,任何肤质,中国,1,0,1,1,0
丸美,109,1297,1082,江苏,任何肤质,中国,1,0,0,0,0
丸美,99,132,169,江苏,中性及干性肤质,中国,1,1,0,0,0
丸美,109,23,1635,山东,任何肤质,中国,1,1,1,1,0
丸美,308,4413,48817,浙江,任何肤质,中国,1,1,0,1,0
婉丝,269,8,197,广东,任何肤质,中国,1,1,1,1,0
婉丝,209,10,448,广东,任何肤质,中国,1,1,0,1,0
婉丝,183.9,51,273,广东,任何肤质,中国,1,1,1,1,0
薇罗尼卡,67,40,243,广东,任何肤质,中国,1,1,0,0,0
温碧泉,99,1183,1219,安徽,任何肤质,中国,1,1,0,0,0
温碧泉,254.5,5101,36009,北京,任何肤质,中国,1,1,0,1,0
温碧泉,94,355,3559,北京,任何肤质,中国,1,0,1,1,0
温碧泉,331,875,2070,广东,任何肤质,中国,0,1,0,0,0
温碧泉,266,1081,4404,广东,敏感性肤质,中国,1,1,0,1,0
温碧泉,209,105,375,广东,任何肤质,其他/other,1,0,1,1,0
温碧泉,203.5,2929,39568,广东,任何肤质,中国,1,1,0,0,0
温碧泉,179,5631,48992,广东,油性及混合性肤质,中国,1,1,1,1,1
温碧泉,141,200,1324,广东,任何肤质,中国,1,1,0,0,0
温碧泉,118,101,1988,广东,任何肤质,中国,1,1,0,0,0
温碧泉,69,18,466,广东,任何肤质,中国,1,1,1,1,0
温碧泉,88,721,11989,河北,任何肤质,中国,1,0,1,1,0
温碧泉,103,1796,3312,江苏,任何肤质,中国,1,1,0,1,0
温碧泉,159,887,17456,上海,任何肤质,中国,1,1,1,1,0
温碧泉,154,65,23146,上海,任何肤质,中国,1,1,0,1,0
温碧泉,86.9,673,7040,上海,任何肤质,中国,1,0,0,1,0
温碧泉,29.8,16,156,四川,任何肤质,中国,0,1,0,1,0
温碧泉,253,208,6824,浙江,任何肤质,中国,1,1,1,1,1
温碧泉,184,82,522,浙江,任何肤质,中国,0,0,0,0,1
温碧泉,144,3468,62843,浙江,任何肤质,中国,1,1,0,1,0
温碧泉,119.9,355,1067,浙江,油性及混合性肤质,中国,1,0,1,1,0
温碧泉,114,10,12,浙江,任何肤质,中国,1,1,0,0,0
温碧泉,79.9,2031,1043,浙江,任何肤质,中国,1,0,0,0,0
温碧泉,79.88,294,1943,浙江,任何肤质,中国,1,1,1,0,0
温碧泉,49,199,134,浙江,任何肤质,中国,1,1,0,0,0
温碧泉,22.5,103,1132,浙江,任何肤质,中国,1,1,0,0,0
温碧泉,988,85,473,浙江,中性及干性肤质,中国,1,0,0,0,1
温碧泉,192.5,2233,2208,浙江,任何肤质,中国,1,1,1,1,0
温碧泉,182.5,47,689,浙江,任何肤质,中国,1,1,1,1,1
西施美,68,138,1268,江苏,任何肤质,中国,1,1,1,1,1
希格,195,1313,23496,广东,任何肤质,中国,1,0,0,0,0
希芸,276,235,1740,江苏,任何肤质,中国,1,0,0,1,1
希芸,202.5,410,3209,浙江,任何肤质,中国,1,1,0,0,0
希芸,299,103,225,浙江,中性及干性肤质,中国,1,1,1,1,1
皙肤泉,65,18,9,广东,任何肤质,韩国,1,0,1,0,1
相宜本草,447,54,443,北京,任何肤质,中国,1,0,0,1,1
相宜本草,239,213,2848,北京,任何肤质,中国,1,0,0,0,0
相宜本草,158,1871,4309,北京,油性及混合性肤质,中国,1,0,0,0,1
相宜本草,119,1773,2974,北京,任何肤质,中国,1,0,0,0,0
相宜本草,159,5131,4224,江苏,任何肤质,中国,1,0,0,0,0
相宜本草,119,2570,30758,江苏,任何肤质,中国,1,1,1,0,0
相宜本草,12.85,419,2940,江苏,任何肤质,中国,1,1,0,0,0
相宜本草,106,72,576,山东,任何肤质,中国,1,0,0,0,0
相宜本草,429,309,154,上海,任何肤质,中国,1,0,0,1,0
相宜本草,315,1,104,上海,任何肤质,中国,1,1,0,0,0
相宜本草,267,314,4233,上海,任何肤质,中国,1,0,0,0,0
相宜本草,152.5,230,455,上海,任何肤质,中国,1,1,1,1,0
相宜本草,152,467,1041,上海,干性肤质,中国,1,1,1,0,0
形象美,394,1220,8096,广东,任何肤质,中国,1,0,0,1,0
形象美,243,355,1656,广东,任何肤质,中国,1,1,0,0,0
萱姿,322.9,32,1086,河南,任何肤质,中国,1,1,0,0,0
萱姿,269,26,103,河南,任何肤质,中国,1,0,0,0,0
萱姿,253,30,79,湖北,任何肤质,中国,1,1,0,0,0
萱姿,233.5,156,2920,湖北,任何肤质,中国,1,1,0,1,0
萱姿,168.3,15,647,湖北,任何肤质,中国,1,1,1,1,1
萱姿,128.5,127,2811,湖北,任何肤质,中国,1,1,0,0,0
萱姿,178,205,798,上海,任何肤质,中国,1,1,0,0,0
萱姿,138,80,2511,上海,任何肤质,中国,1,1,1,1,0
雪夙,185.5,2725,24165,四川,任何肤质,中国,1,1,1,1,0
雅邦,135,8,297,河南,任何肤质,中国,1,1,1,0,1
雅邦,149.6,11,354,浙江,任何肤质,中国,1,1,0,0,0
雅芳,99,8435,7158,上海,任何肤质,中国,1,1,0,0,0
雅格丽白,281,36,1077,安徽,任何肤质,中国,1,0,0,0,0
雅格丽白,121,178,4539,广东,任何肤质,中国,1,0,0,0,0
雅格丽白,368,938,8436,江苏,任何肤质,中国,1,0,1,1,0
雅格丽白,262,10,470,江苏,中性及干性肤质,中国,1,1,0,0,0
雅格丽白,239,138,1193,江苏,任何肤质,中国,1,0,1,0,0
雅格丽白,159,103,165,江苏,任何肤质,中国,1,1,0,1,1
雅格丽白,219,2005,917,上海,任何肤质,中国,1,1,1,1,0
雅格丽白,64.9,2770,2444,上海,任何肤质,中国,1,0,1,1,0
雅格丽白,349,53,599,浙江,任何肤质,中国,1,0,0,1,0
雅格丽白,245,193,1059,浙江,任何肤质,中国,1,0,1,0,0
一叶子,449,21,297,上海,任何肤质,中国,1,0,0,0,0
一叶子,266.5,1919,1366,上海,任何肤质,中国,1,1,0,0,0
一叶子,225,730,6950,上海,油性及混合性肤质,中国,1,0,1,0,0
一叶子,151,410,596,上海,任何肤质,中国,1,1,1,0,0
一枝春,238.5,281,7599,广东,任何肤质,中国,1,1,0,0,0
一枝春,118,567,4675,广东,任何肤质,中国,0,0,1,1,0
伊贝诗,129,2813,28012,广东,任何肤质,中国,1,1,0,1,0
伊贝诗,148.5,190,1391,陕西,任何肤质,中国,1,1,0,1,0
伊贝诗,141,163,2565,陕西,任何肤质,中国,1,1,0,0,0
依奈,139,2491,3972,上海,油性及混合性肤质,中国,1,0,1,1,0
优资莱,139,27,35,浙江,任何肤质,中国,1,1,1,0,0
妤赛璐,129.9,3785,5476,广东,任何肤质,中国,1,0,0,0,0
羽西,149,3474,20161,上海,任何肤质,中国,1,1,1,1,1
御泥坊,448,440,1282,湖南,中性及干性肤质,中国,1,0,0,1,0
御泥坊,386,14,123,湖南,任何肤质,中国,1,1,0,1,1
御泥坊,299,160,947,湖南,任何肤质,中国,1,1,0,0,1
御泥坊,279.9,51,545,湖南,中性及干性肤质,中国,1,0,0,0,0
御泥坊,277,854,22850,湖南,任何肤质,中国,1,1,0,0,0
御泥坊,274,40,1138,湖南,任何肤质,中国,1,1,1,1,1
御泥坊,247,43,787,湖南,任何肤质,中国,1,1,0,1,1
御泥坊,188,623,1145,湖南,任何肤质,中国,1,1,1,1,1
御泥坊,184,390,3986,湖南,任何肤质,中国,1,1,1,1,1
御泥坊,99,115,1457,湖南,任何肤质,中国,1,0,0,0,0
御泥坊,19.9,1309,3971,湖南,任何肤质,中国,1,0,1,0,0
泽平,99,5,5,上海,敏感性肤质,中国,1,0,1,1,0
长生鸟,298.5,171,159,浙江,中性及干性肤质,中国,1,0,0,0,1
长生鸟,98,112,955,浙江,油性及混合性肤质,中国,1,0,0,1,0
真百代,153,707,695,安徽,任何肤质,中国,1,1,1,0,0
真百代,168,230,2086,江苏,任何肤质,中国,1,1,1,1,0
真丽斯,98,6,27,广东,任何肤质,中国,1,1,0,0,1
植美村,266,178,15396,安徽,任何肤质,中国,1,1,1,1,1
植美村,159,50,667,广东,任何肤质,中国,1,0,0,0,0
植美村,129,0,4,广东,中性及干性肤质,中国,1,0,0,0,0
植美村,64.9,1295,4734,广东,任何肤质,中国,1,1,0,1,0
植美村,197,50,1371,河南,任何肤质,中国,1,0,0,1,0
植美村,190.5,280,62,河南,任何肤质,中国,1,1,0,0,0
植美村,179,509,4654,山东,任何肤质,中国,1,1,0,1,0
植美村,199,457,3463,浙江,任何肤质,中国,1,1,1,1,0
植美村,158.5,1915,1251,浙江,任何肤质,中国,1,1,1,1,0
卓碧泉,68,1331,408,上海,任何肤质,中国,1,1,1,1,1
卓尔诗婷,118,6440,37127,广东,任何肤质,中国,1,1,1,1,1
姿维雅,89,1543,1404,广东,任何肤质,中国,1,0,0,0,0
资生堂,67,475,2500,浙江,任何肤质,中国,1,1,0,1,1
自然乐园,210,300,2370,北京,任何肤质,中国,1,0,0,1,0
自然堂,313.5,5,47,安徽,任何肤质,中国,1,1,1,1,1
自然堂,188,345,3925,安徽,任何肤质,中国,1,1,0,0,0
自然堂,162,19,16883,安徽,任何肤质,中国,1,1,0,0,0
自然堂,153.5,2427,11309,安徽,任何肤质,中国,1,1,0,1,1
自然堂,144.5,5315,19131,安徽,任何肤质,中国,1,1,0,1,1
自然堂,133.5,93,19157,安徽,任何肤质,中国,1,1,0,0,0
自然堂,99,302,191,安徽,任何肤质,韩国,1,1,0,0,0
自然堂,89,25,1321,安徽,任何肤质,中国,1,1,0,0,0
自然堂,81,409,4232,安徽,任何肤质,中国,1,0,0,0,0
自然堂,229,97,394,广东,任何肤质,中国,1,1,0,0,0
自然堂,258,8026,11123,江苏,任何肤质,中国,0,1,0,0,0
自然堂,239,48,1056,江苏,任何肤质,中国,1,0,1,0,0
自然堂,216.5,43,63,江苏,任何肤质,中国,1,0,1,1,1
自然堂,191,157,6316,江苏,任何肤质,中国,1,1,0,0,1
自然堂,173.5,118,707,江苏,任何肤质,中国,1,1,0,1,0
自然堂,114,77,502,江苏,任何肤质,中国,0,0,1,1,0
自然堂,111.5,26,246,江苏,任何肤质,中国,1,0,0,0,0
自然堂,99,314,2863,江苏,任何肤质,韩国,1,0,1,1,0
自然堂,78,382,160,江苏,任何肤质,中国,1,1,0,0,0
自然堂,69.9,86,27496,江苏,干性肤质,中国,1,1,0,1,0
自然堂,593.5,592,1031,上海,油性及混合性肤质,中国,1,0,1,1,0
自然堂,282,756,1282,上海,任何肤质,中国,1,1,0,0,1
自然堂,224.5,2505,67481,上海,任何肤质,中国,1,1,1,1,1
自然堂,201.5,58,1691,上海,中性及干性肤质,中国,1,1,0,1,0
自然堂,188,3973,50088,上海,任何肤质,中国,1,0,1,1,0
自然堂,129,2470,10253,上海,任何肤质,中国,1,1,1,1,0
自然堂,122,1077,1715,上海,任何肤质,中国,1,1,0,0,0
自然堂,112.5,232,1887,上海,任何肤质,中国,1,0,0,1,0
自然堂,29,282,297,上海,任何肤质,中国,1,1,1,1,1
自然堂,173,1002,2389,浙江,任何肤质,中国,1,1,0,0,0
自然堂,119,100,106,浙江,任何肤质,中国,1,1,1,0,0
